abort	0.0.7	0.0.7
agent	0.0.16	0.0.16
brief	0.0.3	0.0.3
browser	0.0.11	0.0.11
budget	0.0.7	0.0.7
console	0.0.9	0.0.9
contract	0.0.13	0.0.13
csv	0.0.4	0.0.4
database	0.0.11	0.0.11
emitter	0.0.7	0.0.7
form	0.0.2	0.0.2
guide	0.0.12	0.0.12
html	0.0.4	0.0.4
indexeddb	0.0.8	0.0.8
interpret	0.0.10	0.0.10
markdown	0.0.9	0.0.9
mcp	0.0.20	0.0.20
middleware	0.0.16	0.0.16
msg	0.0.7	0.0.7
ndjson	0.0.7	0.0.7
ollama	0.0.10	0.0.10
pool	0.0.8	0.0.8
probe	0.0.2	0.0.2
process	0.0.4	0.0.5
program	0.0.9	0.0.9
qualifier	0.0.10	0.0.10
queue	0.0.9	0.0.9
rater	0.0.11	0.0.11
reason	0.0.7	0.0.7
relation	0.0.9	0.0.9
router	0.0.10	0.0.10
scaffold	0.0.46	0.0.46
sea	0.0.9	0.0.9
server	0.0.14	0.0.14
sqlite	0.0.8	0.0.8
sse	0.0.5	0.0.5
supervisor	0.0.1	0.0.1
table	0.0.2	0.0.2
template	0.0.4	0.0.4
terminal	0.0.11	0.0.11
test	0.0.8	0.0.8
timeout	0.0.7	0.0.7
tool	0.0.11	0.0.11
toolbox	0.0.7	0.0.7
websocket	0.0.9	0.0.9
worker	0.0.8	0.0.8
workflow	0.0.13	0.0.13
workspace	0.0.5	0.0.5
DONE
