path	disk	blob
.orkestrel/campaign/capture-recipe-unit-2/.gitattributes	fa1385d99a319b43c06f5309d1aae9fdd3adea46	fa1385d99a319b43c06f5309d1aae9fdd3adea46
.orkestrel/campaign/capture-recipe-unit-2/capture-recipe-audit-claims.md	88b070e60c2b90a3690b53088180eafca67fcd8d	88b070e60c2b90a3690b53088180eafca67fcd8d
.orkestrel/campaign/capture-recipe-unit-2/capture-recipe-audit-objective-report.md	ed37eccdb755f8ae156895072d77d95cb72b34a3	ed37eccdb755f8ae156895072d77d95cb72b34a3
.orkestrel/campaign/capture-recipe-unit-2/capture-recipe-audit-subjective-report.md	4b0b14c4ed3f51f2f73d92683bcbe1ce23788f47	4b0b14c4ed3f51f2f73d92683bcbe1ce23788f47
.orkestrel/campaign/capture-recipe-unit-2/capture-recipe-audit-verdict.md	5e97e54492ef3e781150904fc08655fc46eef64b	5e97e54492ef3e781150904fc08655fc46eef64b
.orkestrel/campaign/capture-recipe-unit-2/capture-recipe-brief-2.md	f5664e397558b329686a5a1c787205e876bf2dad	f5664e397558b329686a5a1c787205e876bf2dad
.orkestrel/campaign/capture-recipe-unit-2/capture-recipe-brief-3.md	88776500ebfec9490a178e51db577877be50e883	88776500ebfec9490a178e51db577877be50e883
.orkestrel/campaign/capture-recipe-unit-2/capture-recipe-brief.md	f20b753eafbf4d46cc508f75e5446c3ea179c2e5	f20b753eafbf4d46cc508f75e5446c3ea179c2e5
.orkestrel/campaign/capture-recipe-unit-2/capture-recipe-evidence-2/actual.diff	17ea901a3a53dd43593f7df9ee97ef8260595fd8	17ea901a3a53dd43593f7df9ee97ef8260595fd8
.orkestrel/campaign/capture-recipe-unit-2/capture-recipe-evidence-2/diffstat.txt	8d1e2f1bf889cc71f5ecdf90c9a7f639c98d05b9	8d1e2f1bf889cc71f5ecdf90c9a7f639c98d05b9
.orkestrel/campaign/capture-recipe-unit-2/capture-recipe-evidence-2/directory-check.mjs	1e951090ae885b36f95a95b3bf885dc4b6fe2dd6	1e951090ae885b36f95a95b3bf885dc4b6fe2dd6
.orkestrel/campaign/capture-recipe-unit-2/capture-recipe-evidence-2/directory-separator-reading.log.txt	a61afbbe19eb66b781ab405fa0870664c807f1b3	a61afbbe19eb66b781ab405fa0870664c807f1b3
.orkestrel/campaign/capture-recipe-unit-2/capture-recipe-evidence-2/directory.log.txt	90f3d09713063fb5bd4499e22604afb467fe2ab7	90f3d09713063fb5bd4499e22604afb467fe2ab7
.orkestrel/campaign/capture-recipe-unit-2/capture-recipe-evidence-2/format.log.txt	db5a124dbc17bc9ce1e75c34e197bafd071239f5	db5a124dbc17bc9ce1e75c34e197bafd071239f5
.orkestrel/campaign/capture-recipe-unit-2/capture-recipe-evidence-2/frozen-hashes.tsv	369c247ff48389891c75d07953093c7529a65f45	369c247ff48389891c75d07953093c7529a65f45
.orkestrel/campaign/capture-recipe-unit-2/capture-recipe-evidence-2/generation.log.txt	ea96300fed94ec9fbb40d0f8d1ba54ceb278c207	ea96300fed94ec9fbb40d0f8d1ba54ceb278c207
.orkestrel/campaign/capture-recipe-unit-2/capture-recipe-evidence-2/guides.log.txt	974d563e46d2aba70d928a6f12f35dab2ce97f74	974d563e46d2aba70d928a6f12f35dab2ce97f74
.orkestrel/campaign/capture-recipe-unit-2/capture-recipe-evidence-2/imports.log.txt	2aea8964d2fdafcbbc7772b6badc9347748913eb	2aea8964d2fdafcbbc7772b6badc9347748913eb
.orkestrel/campaign/capture-recipe-unit-2/capture-recipe-evidence-2/inventory.log.txt	e49976b2acce1e5475629a7c56436469ea7110f6	e49976b2acce1e5475629a7c56436469ea7110f6
.orkestrel/campaign/capture-recipe-unit-2/capture-recipe-evidence-2/policy.log.txt	09712b3e2834d6172ef40fb74b36c9bb75f56ab0	09712b3e2834d6172ef40fb74b36c9bb75f56ab0
.orkestrel/campaign/capture-recipe-unit-2/capture-recipe-evidence-2/status.txt	c1d4a1e66291fb9f9875ff9425e624b72ecf3132	c1d4a1e66291fb9f9875ff9425e624b72ecf3132
.orkestrel/campaign/capture-recipe-unit-2/capture-recipe-evidence-3/actual.diff	1edd496827a8c70dfa026b8c3413433128dbf750	1edd496827a8c70dfa026b8c3413433128dbf750
.orkestrel/campaign/capture-recipe-unit-2/capture-recipe-evidence-3/diffstat.txt	2881b10fffbfe3b2e277d397494df184ad72f296	2881b10fffbfe3b2e277d397494df184ad72f296
.orkestrel/campaign/capture-recipe-unit-2/capture-recipe-evidence-3/format.log.txt	522d5d142426b46f8fb5cee88d62e2936caa999a	522d5d142426b46f8fb5cee88d62e2936caa999a
.orkestrel/campaign/capture-recipe-unit-2/capture-recipe-evidence-3/frozen-hashes.tsv	0a1ff25d407f17b57498a0d2710b8aa1139aaf30	0a1ff25d407f17b57498a0d2710b8aa1139aaf30
.orkestrel/campaign/capture-recipe-unit-2/capture-recipe-evidence-3/generation.log.txt	ea96300fed94ec9fbb40d0f8d1ba54ceb278c207	ea96300fed94ec9fbb40d0f8d1ba54ceb278c207
.orkestrel/campaign/capture-recipe-unit-2/capture-recipe-evidence-3/guides.log.txt	9a624aafbd60679150b8773146d91bb338523d03	9a624aafbd60679150b8773146d91bb338523d03
.orkestrel/campaign/capture-recipe-unit-2/capture-recipe-evidence-3/imports.log.txt	b0367f7bbeca73859726917f6ae44b480b7b49c5	b0367f7bbeca73859726917f6ae44b480b7b49c5
.orkestrel/campaign/capture-recipe-unit-2/capture-recipe-evidence-3/inventory.log.txt	45c22032e40d126764eb4a821d37bf8fb504725a	45c22032e40d126764eb4a821d37bf8fb504725a
.orkestrel/campaign/capture-recipe-unit-2/capture-recipe-evidence-3/policy.log.txt	18423110c12d306529bae60f3ede6fd540e5e5da	18423110c12d306529bae60f3ede6fd540e5e5da
.orkestrel/campaign/capture-recipe-unit-2/capture-recipe-evidence-3/status.txt	c1d4a1e66291fb9f9875ff9425e624b72ecf3132	c1d4a1e66291fb9f9875ff9425e624b72ecf3132
.orkestrel/campaign/capture-recipe-unit-2/capture-recipe-evidence/actual.diff	5d88b688610ac9b134edb337011f45783f960a1b	5d88b688610ac9b134edb337011f45783f960a1b
.orkestrel/campaign/capture-recipe-unit-2/capture-recipe-evidence/diffstat.txt	3c0c28dde82708c0f47aa3230b21731231388eb7	3c0c28dde82708c0f47aa3230b21731231388eb7
.orkestrel/campaign/capture-recipe-unit-2/capture-recipe-evidence/format-inventory.log.txt	874003d7dbe5ecf8e2e6e4224b11c189b2eb8ede	874003d7dbe5ecf8e2e6e4224b11c189b2eb8ede
.orkestrel/campaign/capture-recipe-unit-2/capture-recipe-evidence/format.log.txt	0416a57478f262fd65a917626866158bf32c99ee	0416a57478f262fd65a917626866158bf32c99ee
.orkestrel/campaign/capture-recipe-unit-2/capture-recipe-evidence/frozen-hashes.tsv	120564bd566990a55978c7c4a8f21e0f1812fd9a	120564bd566990a55978c7c4a8f21e0f1812fd9a
.orkestrel/campaign/capture-recipe-unit-2/capture-recipe-evidence/guides.log.txt	72b1c6d75cb570cfaaa13cdc0998f282963c9786	72b1c6d75cb570cfaaa13cdc0998f282963c9786
.orkestrel/campaign/capture-recipe-unit-2/capture-recipe-evidence/imports.log.txt	9f9873e4e2c316a708773f0840b7d37b93bb6c73	9f9873e4e2c316a708773f0840b7d37b93bb6c73
.orkestrel/campaign/capture-recipe-unit-2/capture-recipe-evidence/inventory.log.txt	029a474d67499da185c6b282285d55027d13bb6e	029a474d67499da185c6b282285d55027d13bb6e
.orkestrel/campaign/capture-recipe-unit-2/capture-recipe-evidence/policy.log.txt	ee5bbb6569b2c8374fa8ec587280c0574a9fc552	ee5bbb6569b2c8374fa8ec587280c0574a9fc552
.orkestrel/campaign/capture-recipe-unit-2/capture-recipe-evidence/status.txt	c1d4a1e66291fb9f9875ff9425e624b72ecf3132	c1d4a1e66291fb9f9875ff9425e624b72ecf3132
.orkestrel/campaign/capture-recipe-unit-2/capture-recipe-gates-brief.md	ec80b2c357ec8a99e9cb4d786369baef2c77aabb	ec80b2c357ec8a99e9cb4d786369baef2c77aabb
.orkestrel/campaign/capture-recipe-unit-2/capture-recipe-gates-report.md	59969486c2f8005c02a480870b80535a36e11f21	59969486c2f8005c02a480870b80535a36e11f21
.orkestrel/campaign/capture-recipe-unit-2/capture-recipe-objective-brief.md	41b253b028a51b25b0c06f8979df9c98a8b61314	41b253b028a51b25b0c06f8979df9c98a8b61314
.orkestrel/campaign/capture-recipe-unit-2/capture-recipe-report-2.md	b8a799773eda961cf85c16e1c5ed7bed29d806f4	b8a799773eda961cf85c16e1c5ed7bed29d806f4
.orkestrel/campaign/capture-recipe-unit-2/capture-recipe-report-3.md	d974f0aa61487bfbfdab400e1cea530890420a6a	d974f0aa61487bfbfdab400e1cea530890420a6a
.orkestrel/campaign/capture-recipe-unit-2/capture-recipe-report.md	e612e31698d2d3659035d45387d50b5ea9a60874	e612e31698d2d3659035d45387d50b5ea9a60874
.orkestrel/campaign/capture-recipe-unit-2/capture-recipe-subjective-brief.md	fe78230ebe5342af25a9bba774a76b15ce93927b	fe78230ebe5342af25a9bba774a76b15ce93927b
.orkestrel/campaign/capture-recipe-unit-2/capture-recipe-successor-ruling.md	3ebf4fd01782ee8975d32a5fddbed33890258221	3ebf4fd01782ee8975d32a5fddbed33890258221
.orkestrel/campaign/capture-recipe-unit-2/completion.md	2eddcba0e821821251d6ce70a37f59926d9b7dd2	2eddcba0e821821251d6ce70a37f59926d9b7dd2
.orkestrel/campaign/capture-recipe-unit-2/finalize-recipe-stage.ps1	1de722411764f6f56b8f278c7c7ea1d71ab613ab	1de722411764f6f56b8f278c7c7ea1d71ab613ab
.orkestrel/campaign/capture-recipe-unit-2/index.md	4dba3b5cfb888405702b131521f8eb42035d9462	4dba3b5cfb888405702b131521f8eb42035d9462
.orkestrel/campaign/capture-recipe-unit-2/mapping.tsv	b6050e8a74526d475819c2daac077416e231ab14	b6050e8a74526d475819c2daac077416e231ab14
.orkestrel/campaign/capture-recipe-unit-2/recipe-finalize-brief.md	35b9cf5f307968454251514e7a47915c4fec0e4a	35b9cf5f307968454251514e7a47915c4fec0e4a
.orkestrel/campaign/capture-recipe-unit-2/recipe-finalize-report.md	0ad8d0998ce3c0a44dfa0c9a2342288abd9e977d	0ad8d0998ce3c0a44dfa0c9a2342288abd9e977d
.orkestrel/campaign/capture-recipe-unit-2/recipe-retain-stage-brief-2.md	e00adf49086e293221c29aa758161209d153c49b	e00adf49086e293221c29aa758161209d153c49b
.orkestrel/campaign/capture-recipe-unit-2/recipe-retain-stage-brief-3.md	cc0161ee97630c411e1c2d52785d7d10af6b6793	cc0161ee97630c411e1c2d52785d7d10af6b6793
.orkestrel/campaign/capture-recipe-unit-2/recipe-retain-stage-brief-4.md	6d3d7e4a7c5855eb292bcfdf403a99ae7fa0ed5a	6d3d7e4a7c5855eb292bcfdf403a99ae7fa0ed5a
.orkestrel/campaign/capture-recipe-unit-2/recipe-retain-stage-brief.md	ad49b8b4df106bcb123196a6490fee2b4c54a279	ad49b8b4df106bcb123196a6490fee2b4c54a279
.orkestrel/campaign/capture-recipe-unit-2/recipe-retain-stage-raw-evidence-ruling.md	4e61290205d412c47b9b85af30b083f7d602b53a	4e61290205d412c47b9b85af30b083f7d602b53a
.orkestrel/campaign/capture-recipe-unit-2/recipe-retain-stage-report-2.md	9f6fd3cb51731245f783db55f4a6d3176aa1a9b4	9f6fd3cb51731245f783db55f4a6d3176aa1a9b4
.orkestrel/campaign/capture-recipe-unit-2/recipe-retain-stage-report-3.md	c835a72f0d09bd8601a53e7299ccd6741ad35dab	c835a72f0d09bd8601a53e7299ccd6741ad35dab
.orkestrel/campaign/capture-recipe-unit-2/recipe-retain-stage-report-4.md	48c75dfb955be1419271abd072b9095fbb2f10e5	48c75dfb955be1419271abd072b9095fbb2f10e5
.orkestrel/campaign/capture-recipe-unit-2/recipe-retain-stage-report.md	1e08329625a3c346fdf8ba9489befac19bd4887d	1e08329625a3c346fdf8ba9489befac19bd4887d
.orkestrel/campaign/capture-recipe-unit-2/recipe-retain-stage-run-2.log.txt	a1f19eae6780e4790c1eb029f670eea48b0c66ba	a1f19eae6780e4790c1eb029f670eea48b0c66ba
.orkestrel/campaign/capture-recipe-unit-2/recipe-retain-stage-run-2.stderr.txt	7209f1dbe42b5debda906b8d3005c6d838966304	7209f1dbe42b5debda906b8d3005c6d838966304
.orkestrel/campaign/capture-recipe-unit-2/recipe-retain-stage-run.log.txt	e69de29bb2d1d6434b8b29ae775ad8c2e48c5391	e69de29bb2d1d6434b8b29ae775ad8c2e48c5391
.orkestrel/campaign/capture-recipe-unit-2/recipe-retain-stage-run.stderr.txt	fe5b9b176287edc9933959fd1f93e78e8f289602	fe5b9b176287edc9933959fd1f93e78e8f289602
.orkestrel/campaign/capture-recipe-unit-2/retain-stage-capture-recipe.ps1	7dee9f7c125a866f8716acf311e605336a1d1d8a	7dee9f7c125a866f8716acf311e605336a1d1d8a
