origin	relative
tmp\units\capture-recipe-evidence-2\directory-separator-reading.log.txt	.orkestrel/campaign/capture-recipe-unit-2/capture-recipe-evidence-2/directory-separator-reading.log.txt
.orkestrel/campaign/capture-recipe-audit-subjective-report.md	.orkestrel/campaign/capture-recipe-unit-2/capture-recipe-audit-subjective-report.md
.orkestrel/campaign/capture-recipe-audit-objective-report.md	.orkestrel/campaign/capture-recipe-unit-2/capture-recipe-audit-objective-report.md
tmp\units\capture-recipe-evidence\format-inventory.log.txt	.orkestrel/campaign/capture-recipe-unit-2/capture-recipe-evidence/format-inventory.log.txt
tmp\units\capture-recipe-evidence-2\directory-check.mjs	.orkestrel/campaign/capture-recipe-unit-2/capture-recipe-evidence-2/directory-check.mjs
.orkestrel/campaign/capture-recipe-successor-ruling.md	.orkestrel/campaign/capture-recipe-unit-2/capture-recipe-successor-ruling.md
tmp\units\capture-recipe-evidence-3\generation.log.txt	.orkestrel/campaign/capture-recipe-unit-2/capture-recipe-evidence-3/generation.log.txt
tmp\units\capture-recipe-evidence-2\generation.log.txt	.orkestrel/campaign/capture-recipe-unit-2/capture-recipe-evidence-2/generation.log.txt
tmp\units\capture-recipe-evidence-2\inventory.log.txt	.orkestrel/campaign/capture-recipe-unit-2/capture-recipe-evidence-2/inventory.log.txt
tmp\units\capture-recipe-evidence-3\frozen-hashes.tsv	.orkestrel/campaign/capture-recipe-unit-2/capture-recipe-evidence-3/frozen-hashes.tsv
tmp\units\capture-recipe-evidence-3\inventory.log.txt	.orkestrel/campaign/capture-recipe-unit-2/capture-recipe-evidence-3/inventory.log.txt
tmp\units\capture-recipe-evidence-2\directory.log.txt	.orkestrel/campaign/capture-recipe-unit-2/capture-recipe-evidence-2/directory.log.txt
tmp\units\capture-recipe-evidence-2\frozen-hashes.tsv	.orkestrel/campaign/capture-recipe-unit-2/capture-recipe-evidence-2/frozen-hashes.tsv
tmp/units/recipe-retain-stage-raw-evidence-ruling.md	.orkestrel/campaign/capture-recipe-unit-2/recipe-retain-stage-raw-evidence-ruling.md
tmp\units\capture-recipe-evidence-2\imports.log.txt	.orkestrel/campaign/capture-recipe-unit-2/capture-recipe-evidence-2/imports.log.txt
tmp\units\capture-recipe-evidence-3\imports.log.txt	.orkestrel/campaign/capture-recipe-unit-2/capture-recipe-evidence-3/imports.log.txt
tmp\units\capture-recipe-evidence\inventory.log.txt	.orkestrel/campaign/capture-recipe-unit-2/capture-recipe-evidence/inventory.log.txt
tmp\units\capture-recipe-evidence\frozen-hashes.tsv	.orkestrel/campaign/capture-recipe-unit-2/capture-recipe-evidence/frozen-hashes.tsv
.orkestrel/campaign/capture-recipe-audit-verdict.md	.orkestrel/campaign/capture-recipe-unit-2/capture-recipe-audit-verdict.md
tmp\units\capture-recipe-evidence-2\format.log.txt	.orkestrel/campaign/capture-recipe-unit-2/capture-recipe-evidence-2/format.log.txt
tmp\units\capture-recipe-evidence-2\guides.log.txt	.orkestrel/campaign/capture-recipe-unit-2/capture-recipe-evidence-2/guides.log.txt
tmp\units\capture-recipe-evidence-2\policy.log.txt	.orkestrel/campaign/capture-recipe-unit-2/capture-recipe-evidence-2/policy.log.txt
tmp\units\capture-recipe-evidence-3\guides.log.txt	.orkestrel/campaign/capture-recipe-unit-2/capture-recipe-evidence-3/guides.log.txt
tmp\units\capture-recipe-evidence-3\policy.log.txt	.orkestrel/campaign/capture-recipe-unit-2/capture-recipe-evidence-3/policy.log.txt
tmp\units\capture-recipe-evidence-3\format.log.txt	.orkestrel/campaign/capture-recipe-unit-2/capture-recipe-evidence-3/format.log.txt
tmp\units\capture-recipe-evidence\imports.log.txt	.orkestrel/campaign/capture-recipe-unit-2/capture-recipe-evidence/imports.log.txt
tmp\units\capture-recipe-evidence\format.log.txt	.orkestrel/campaign/capture-recipe-unit-2/capture-recipe-evidence/format.log.txt
tmp\units\capture-recipe-evidence-2\diffstat.txt	.orkestrel/campaign/capture-recipe-unit-2/capture-recipe-evidence-2/diffstat.txt
tmp\units\capture-recipe-evidence-3\diffstat.txt	.orkestrel/campaign/capture-recipe-unit-2/capture-recipe-evidence-3/diffstat.txt
tmp\units\capture-recipe-evidence\policy.log.txt	.orkestrel/campaign/capture-recipe-unit-2/capture-recipe-evidence/policy.log.txt
tmp\units\capture-recipe-evidence\guides.log.txt	.orkestrel/campaign/capture-recipe-unit-2/capture-recipe-evidence/guides.log.txt
tmp\units\capture-recipe-evidence-2\actual.diff	.orkestrel/campaign/capture-recipe-unit-2/capture-recipe-evidence-2/actual.diff
tmp\units\capture-recipe-evidence-3\actual.diff	.orkestrel/campaign/capture-recipe-unit-2/capture-recipe-evidence-3/actual.diff
tmp\units\capture-recipe-evidence-2\status.txt	.orkestrel/campaign/capture-recipe-unit-2/capture-recipe-evidence-2/status.txt
tmp\units\capture-recipe-evidence\diffstat.txt	.orkestrel/campaign/capture-recipe-unit-2/capture-recipe-evidence/diffstat.txt
tmp\units\capture-recipe-evidence-3\status.txt	.orkestrel/campaign/capture-recipe-unit-2/capture-recipe-evidence-3/status.txt
tmp\units\capture-recipe-evidence\actual.diff	.orkestrel/campaign/capture-recipe-unit-2/capture-recipe-evidence/actual.diff
tmp/audit/capture-recipe-subjective-brief.md	.orkestrel/campaign/capture-recipe-unit-2/capture-recipe-subjective-brief.md
tmp/units/recipe-retain-stage-run.stderr.txt	.orkestrel/campaign/capture-recipe-unit-2/recipe-retain-stage-run.stderr.txt
tmp\units\capture-recipe-evidence\status.txt	.orkestrel/campaign/capture-recipe-unit-2/capture-recipe-evidence/status.txt
tmp/release/retain-stage-capture-recipe.ps1	.orkestrel/campaign/capture-recipe-unit-2/retain-stage-capture-recipe.ps1
tmp/audit/capture-recipe-objective-brief.md	.orkestrel/campaign/capture-recipe-unit-2/capture-recipe-objective-brief.md
tmp/units/recipe-retain-stage-report-3.md	.orkestrel/campaign/capture-recipe-unit-2/recipe-retain-stage-report-3.md
tmp/units/recipe-retain-stage-report-4.md	.orkestrel/campaign/capture-recipe-unit-2/recipe-retain-stage-report-4.md
tmp/units/recipe-retain-stage-run.log.txt	.orkestrel/campaign/capture-recipe-unit-2/recipe-retain-stage-run.log.txt
tmp/units/recipe-retain-stage-report-2.md	.orkestrel/campaign/capture-recipe-unit-2/recipe-retain-stage-report-2.md
tmp/audit/capture-recipe-audit-claims.md	.orkestrel/campaign/capture-recipe-unit-2/capture-recipe-audit-claims.md
tmp/units/recipe-retain-stage-brief-2.md	.orkestrel/campaign/capture-recipe-unit-2/recipe-retain-stage-brief-2.md
tmp/units/recipe-retain-stage-brief-4.md	.orkestrel/campaign/capture-recipe-unit-2/recipe-retain-stage-brief-4.md
tmp/units/recipe-retain-stage-brief-3.md	.orkestrel/campaign/capture-recipe-unit-2/recipe-retain-stage-brief-3.md
tmp/units/capture-recipe-gates-report.md	.orkestrel/campaign/capture-recipe-unit-2/capture-recipe-gates-report.md
tmp/units/recipe-retain-stage-report.md	.orkestrel/campaign/capture-recipe-unit-2/recipe-retain-stage-report.md
tmp/units/capture-recipe-gates-brief.md	.orkestrel/campaign/capture-recipe-unit-2/capture-recipe-gates-brief.md
tmp/units/recipe-retain-stage-brief.md	.orkestrel/campaign/capture-recipe-unit-2/recipe-retain-stage-brief.md
tmp/units/capture-recipe-report-3.md	.orkestrel/campaign/capture-recipe-unit-2/capture-recipe-report-3.md
tmp/units/capture-recipe-report-2.md	.orkestrel/campaign/capture-recipe-unit-2/capture-recipe-report-2.md
tmp/units/capture-recipe-evidence-2	.orkestrel/campaign/capture-recipe-unit-2/capture-recipe-evidence-2
tmp/units/capture-recipe-brief-3.md	.orkestrel/campaign/capture-recipe-unit-2/capture-recipe-brief-3.md
tmp/units/capture-recipe-brief-2.md	.orkestrel/campaign/capture-recipe-unit-2/capture-recipe-brief-2.md
tmp/units/capture-recipe-evidence-3	.orkestrel/campaign/capture-recipe-unit-2/capture-recipe-evidence-3
tmp/units/capture-recipe-report.md	.orkestrel/campaign/capture-recipe-unit-2/capture-recipe-report.md
tmp/units/capture-recipe-brief.md	.orkestrel/campaign/capture-recipe-unit-2/capture-recipe-brief.md
tmp/units/capture-recipe-evidence	.orkestrel/campaign/capture-recipe-unit-2/capture-recipe-evidence
