width,face,spelling,section,header widths,minimum chip width,overflowing chips,escaped chips,split words
390,Bootstrap,original,grid,139.375 122.203125 124.125 112.9375 111.8125 122.125,10.921875,0,0,0
390,Bootstrap,original,gutters,139.375 122.203125 124.125 112.9375 111.8125 122.125,39.90625,0,0,0
390,Bootstrap,original,float,139.375 122.203125 124.125 112.9375 111.8125 122.125,,0,0,0
390,Bootstrap,original,flex,139.375 122.203125 124.125 112.9375 111.8125 122.125,32.34375,0,0,0
390,"Tailwind, no layer",original,grid,139.375 122.203125 124.125 112.9375 111.8125 122.125,10.921875,0,0,0
390,"Tailwind, no layer",original,gutters,139.375 122.203125 124.125 112.9375 111.8125 122.125,39.90625,0,0,0
390,"Tailwind, no layer",original,float,139.375 122.203125 124.125 112.9375 111.8125 122.125,,0,0,0
390,"Tailwind, no layer",original,flex,139.375 122.203125 124.125 112.9375 111.8125 122.125,32.34375,0,0,0
390,Tailwind + layer,original,grid,78.25 63.125 64 54.21875 53.34375 62.25,8.375,4,0,0
390,Tailwind + layer,original,gutters,78.25 63.125 64 54.21875 53.34375 62.25,10.671875,152,0,0
390,Tailwind + layer,original,float,92.8125 92.8125 92.8125 92.8125 92.8125 92.8125,,0,0,2
390,Tailwind + layer,original,flex,78.25 63.125 64 54.21875 53.34375 62.25,21.671875,0,0,0
390,Bootstrap,none,grid,54.515625 41.734375 43.15625 34.84375 34 41.71875,4.40625,12,0,0
390,Bootstrap,none,gutters,60.28125 40.34375 42.171875 33.421875 33.421875 40.328125,10,400,184,0
390,Bootstrap,none,float,98.90625 98.90625 98.90625 98.90625 98.90625 98.90625,,0,0,2
390,Bootstrap,none,flex,51.375 34.203125 36.125 24.9375 23.8125 34.125,6.90625,72,1,0
390,"Tailwind, no layer",none,grid,54.515625 41.734375 43.15625 34.84375 34 41.71875,4.40625,12,0,0
390,"Tailwind, no layer",none,gutters,60.28125 40.34375 42.171875 33.421875 33.421875 40.328125,10,400,184,0
390,"Tailwind, no layer",none,float,98.90625 98.90625 98.90625 98.90625 98.90625 98.90625,,0,0,2
390,"Tailwind, no layer",none,flex,51.375 34.203125 36.125 24.9375 23.8125 34.125,6.90625,72,1,0
390,Tailwind + layer,none,grid,53.09375 45.96875 46.375 41.78125 41.359375 45.609375,4.171875,12,0,0
390,Tailwind + layer,none,gutters,64.875 43.765625 44.546875 39 39 43,10,392,184,0
390,Tailwind + layer,none,float,92.8125 92.8125 92.8125 92.8125 92.8125 92.8125,,0,0,2
390,Tailwind + layer,none,flex,48.890625 32.90625 33.828125 23.484375 22.5625 32.046875,6.28125,72,0,0
390,Bootstrap,col-auto,grid,54.515625 41.734375 43.15625 34.84375 34 41.71875,4.40625,12,0,0
390,Bootstrap,col-auto,gutters,60.28125 40.34375 42.171875 33.421875 33.421875 40.328125,10,400,184,0
390,Bootstrap,col-auto,float,98.90625 98.90625 98.90625 98.90625 98.90625 98.90625,,0,0,2
390,Bootstrap,col-auto,flex,51.375 34.203125 36.125 24.9375 23.8125 34.125,6.90625,72,1,0
390,"Tailwind, no layer",col-auto,grid,54.515625 41.734375 43.15625 34.84375 34 41.71875,4.40625,12,0,0
390,"Tailwind, no layer",col-auto,gutters,60.28125 40.34375 42.171875 33.421875 33.421875 40.328125,10,400,184,0
390,"Tailwind, no layer",col-auto,float,98.90625 98.90625 98.90625 98.90625 98.90625 98.90625,,0,0,2
390,"Tailwind, no layer",col-auto,flex,51.375 34.203125 36.125 24.9375 23.8125 34.125,6.90625,72,1,0
390,Tailwind + layer,col-auto,grid,53.09375 45.96875 46.375 41.78125 41.359375 45.609375,4.171875,12,0,0
390,Tailwind + layer,col-auto,gutters,64.875 43.765625 44.546875 39 39 43,10,392,184,0
390,Tailwind + layer,col-auto,float,92.8125 92.8125 92.8125 92.8125 92.8125 92.8125,,0,0,2
390,Tailwind + layer,col-auto,flex,48.890625 32.90625 33.828125 23.484375 22.5625 32.046875,6.28125,72,0,0
390,Bootstrap,d-inline-block,grid,60.25 40.109375 42.359375 29.234375 27.921875 40.078125,2,20,0,0
390,Bootstrap,d-inline-block,gutters,60.28125 40.34375 42.171875 33.421875 33.421875 40.328125,10,400,184,0
390,Bootstrap,d-inline-block,float,98.90625 98.90625 98.90625 98.90625 98.90625 98.90625,,0,0,2
390,Bootstrap,d-inline-block,flex,51.375 34.203125 36.125 24.9375 23.8125 34.125,6.90625,72,1,0
390,"Tailwind, no layer",d-inline-block,grid,60.25 40.109375 42.359375 29.234375 27.921875 40.078125,2,20,0,0
390,"Tailwind, no layer",d-inline-block,gutters,60.28125 40.34375 42.171875 33.421875 33.421875 40.328125,10,400,184,0
390,"Tailwind, no layer",d-inline-block,float,98.90625 98.90625 98.90625 98.90625 98.90625 98.90625,,0,0,2
390,"Tailwind, no layer",d-inline-block,flex,51.375 34.203125 36.125 24.9375 23.8125 34.125,6.90625,72,1,0
390,Tailwind + layer,d-inline-block,grid,64.3125 43.265625 44.484375 30.890625 29.671875 42.109375,2,20,0,0
390,Tailwind + layer,d-inline-block,gutters,64.875 43.765625 44.546875 39 39 43,10,392,184,0
390,Tailwind + layer,d-inline-block,float,92.8125 92.8125 92.8125 92.8125 92.8125 92.8125,,0,0,2
390,Tailwind + layer,d-inline-block,flex,48.890625 32.90625 33.828125 23.484375 22.5625 32.046875,6.28125,72,0,0
390,Bootstrap,d-table,grid,60.25 40.109375 42.359375 29.234375 27.921875 40.078125,2,20,0,0
390,Bootstrap,d-table,gutters,60.28125 40.34375 42.171875 33.421875 33.421875 40.328125,10,400,184,0
390,Bootstrap,d-table,float,90.90625 90.90625 90.90625 90.90625 90.90625 90.90625,,0,0,2
390,Bootstrap,d-table,flex,51.375 34.203125 36.125 24.9375 23.8125 34.125,6.90625,72,1,0
390,"Tailwind, no layer",d-table,grid,60.25 40.109375 42.359375 29.234375 27.921875 40.078125,2,20,0,0
390,"Tailwind, no layer",d-table,gutters,60.28125 40.34375 42.171875 33.421875 33.421875 40.328125,10,400,184,0
390,"Tailwind, no layer",d-table,float,90.90625 90.90625 90.90625 90.90625 90.90625 90.90625,,0,0,2
390,"Tailwind, no layer",d-table,flex,51.375 34.203125 36.125 24.9375 23.8125 34.125,6.90625,72,1,0
390,Tailwind + layer,d-table,grid,64.3125 43.265625 44.484375 30.890625 29.671875 42.109375,2,20,0,0
390,Tailwind + layer,d-table,gutters,64.875 43.765625 44.546875 39 39 43,10,392,184,0
390,Tailwind + layer,d-table,float,84.8125 84.8125 84.8125 84.8125 84.8125 84.8125,,0,0,2
390,Tailwind + layer,d-table,flex,48.890625 32.90625 33.828125 23.484375 22.5625 32.046875,6.28125,72,0,0
390,Bootstrap,text-nowrap,grid,54.515625 41.734375 43.15625 34.84375 34 41.71875,4.40625,12,0,0
390,Bootstrap,text-nowrap,gutters,60.28125 40.34375 42.171875 33.421875 33.421875 40.328125,10,400,184,0
390,Bootstrap,text-nowrap,float,263.734375 263.734375 263.734375 263.734375 263.734375 263.734375,,0,0,0
390,Bootstrap,text-nowrap,flex,51.375 34.203125 36.125 24.9375 23.8125 34.125,6.90625,72,1,0
390,"Tailwind, no layer",text-nowrap,grid,54.515625 41.734375 43.15625 34.84375 34 41.71875,4.40625,12,0,0
390,"Tailwind, no layer",text-nowrap,gutters,60.28125 40.34375 42.171875 33.421875 33.421875 40.328125,10,400,184,0
390,"Tailwind, no layer",text-nowrap,float,263.734375 263.734375 263.734375 263.734375 263.734375 263.734375,,0,0,0
390,"Tailwind, no layer",text-nowrap,flex,51.375 34.203125 36.125 24.9375 23.8125 34.125,6.90625,72,1,0
390,Tailwind + layer,text-nowrap,grid,53.09375 45.96875 46.375 41.78125 41.359375 45.609375,4.171875,12,0,0
390,Tailwind + layer,text-nowrap,gutters,64.875 43.765625 44.546875 39 39 43,10,392,184,0
390,Tailwind + layer,text-nowrap,float,92.8125 92.8125 92.8125 92.8125 92.8125 92.8125,,0,0,2
390,Tailwind + layer,text-nowrap,flex,48.890625 32.90625 33.828125 23.484375 22.5625 32.046875,6.28125,72,0,0
390,Bootstrap,min-vw-100,grid,394 394 394 394 394 394,10.921875,0,0,0
390,Bootstrap,min-vw-100,gutters,398 398 398 398 398 398,171,0,0,0
390,Bootstrap,min-vw-100,float,398 398 398 398 398 398,,0,0,0
390,Bootstrap,min-vw-100,flex,398 398 398 398 398 398,97,0,0,0
390,"Tailwind, no layer",min-vw-100,grid,394 394 394 394 394 394,10.921875,0,0,0
390,"Tailwind, no layer",min-vw-100,gutters,398 398 398 398 398 398,171,0,0,0
390,"Tailwind, no layer",min-vw-100,float,398 398 398 398 398 398,,0,0,0
390,"Tailwind, no layer",min-vw-100,flex,398 398 398 398 398 398,97,0,0,0
390,Tailwind + layer,min-vw-100,grid,394 394 394 394 394 394,9.796875,0,0,0
390,Tailwind + layer,min-vw-100,gutters,398 398 398 398 398 398,171,0,0,0
390,Tailwind + layer,min-vw-100,float,398 398 398 398 398 398,,0,0,0
390,Tailwind + layer,min-vw-100,flex,398 398 398 398 398 398,194,0,0,0
390,Bootstrap,dropdown-menu d-block position-static,grid,168 168 168 168 168 168,22.328125,0,0,0
390,Bootstrap,dropdown-menu d-block position-static,gutters,168 168 168 168 168 168,55,0,0,0
390,Bootstrap,dropdown-menu d-block position-static,float,168 168 168 168 168 168,,0,0,0
390,Bootstrap,dropdown-menu d-block position-static,flex,168 168 168 168 168 168,84.5,0,17,0
390,"Tailwind, no layer",dropdown-menu d-block position-static,grid,168 168 168 168 168 168,22.328125,0,0,0
390,"Tailwind, no layer",dropdown-menu d-block position-static,gutters,168 168 168 168 168 168,55,0,0,0
390,"Tailwind, no layer",dropdown-menu d-block position-static,float,168 168 168 168 168 168,,0,0,0
390,"Tailwind, no layer",dropdown-menu d-block position-static,flex,168 168 168 168 168 168,84.5,0,17,0
390,Tailwind + layer,dropdown-menu d-block position-static,grid,168 168 168 168 168 168,22.328125,0,0,0
390,Tailwind + layer,dropdown-menu d-block position-static,gutters,168 168 168 168 168 168,55,0,0,0
390,Tailwind + layer,dropdown-menu d-block position-static,float,168 168 168 168 168 168,,0,0,0
390,Tailwind + layer,dropdown-menu d-block position-static,flex,168 168 168 168 168 168,177,0,18,0
390,Bootstrap,row gx-5,grid,58.125 41.75 43.59375 32.921875 31.84375 41.734375,2,20,0,0
390,Bootstrap,row gx-5,gutters,63.109375 40.6875 42.484375 32.046875 30.984375 40.65625,10,392,0,0
390,Bootstrap,row gx-5,float,58.21875 41.75 43.59375 32.875 31.796875 41.734375,,0,0,0
390,Bootstrap,row gx-5,flex,51.375 34.203125 36.125 24.9375 23.8125 34.125,2,216,72,0
390,"Tailwind, no layer",row gx-5,grid,58.125 41.75 43.59375 32.921875 31.84375 41.734375,2,20,0,0
390,"Tailwind, no layer",row gx-5,gutters,63.109375 40.6875 42.484375 32.046875 30.984375 40.65625,10,392,0,0
390,"Tailwind, no layer",row gx-5,float,58.21875 41.75 43.59375 32.875 31.796875 41.734375,,0,0,0
390,"Tailwind, no layer",row gx-5,flex,51.375 34.203125 36.125 24.9375 23.8125 34.125,2,216,72,0
390,Tailwind + layer,row gx-5,grid,59.921875 46.234375 47.015625 38.15625 37.375 45.484375,2,20,0,0
390,Tailwind + layer,row gx-5,gutters,70.0625 44.046875 44.8125 36.34375 35.578125 43.34375,10,392,0,0
390,Tailwind + layer,row gx-5,float,58.96875 45.203125 46 37.09375 36.296875 44.421875,,0,0,0
390,Tailwind + layer,row gx-5,flex,48.890625 32.90625 33.828125 23.484375 22.5625 32.046875,2,216,108,0
1280,Bootstrap,original,grid,154.765625 135.703125 137.84375 125.40625 124.15625 135.6875,10.921875,0,0,0
1280,Bootstrap,original,gutters,153.109375 138.609375 140.234375 130.78125 129.84375 127.390625,36.921875,0,0,0
1280,Bootstrap,original,float,152.15625 136.75 138.46875 128.4375 127.421875 136.734375,,0,0,0
1280,Bootstrap,original,flex,145.421875 127.515625 129.515625 117.84375 116.671875 127.484375,26.671875,0,0,0
1280,"Tailwind, no layer",original,grid,154.765625 135.703125 137.84375 125.40625 124.15625 135.6875,10.921875,0,0,0
1280,"Tailwind, no layer",original,gutters,153.109375 138.609375 140.234375 130.78125 129.84375 127.390625,36.921875,0,0,0
1280,"Tailwind, no layer",original,float,152.15625 136.75 138.46875 128.4375 127.421875 136.734375,,0,0,0
1280,"Tailwind, no layer",original,flex,145.421875 127.515625 129.515625 117.84375 116.671875 127.484375,26.671875,0,0,0
1280,Tailwind + layer,original,grid,159.796875 128.90625 130.6875 120.859375 120.859375 127.171875,9.796875,0,0,0
1280,Tailwind + layer,original,gutters,153.796875 146.5625 146.984375 142.296875 141.875 108.671875,38.328125,0,0,0
1280,Tailwind + layer,original,float,138.984375 138.984375 138.984375 138.984375 138.984375 139.0625,,0,0,0
1280,Tailwind + layer,original,flex,139.71875 112.71875 114.28125 96.8125 95.25 111.203125,21.3125,0,0,0
1280,Bootstrap,none,grid,127.03125 127.03125 127.03125 127.03125 127.03125 127.09375,10.921875,0,0,0
1280,Bootstrap,none,gutters,150.59375 143.078125 143.921875 139.90625 139.90625 102.5625,35.28125,0,0,0
1280,Bootstrap,none,float,136.65625 136.65625 136.65625 136.65625 136.65625 136.6875,,0,0,0
1280,Bootstrap,none,flex,143.921875 95.8125 101.203125 69.859375 66.703125 95.625,14.171875,0,0,0
1280,"Tailwind, no layer",none,grid,127.03125 127.03125 127.03125 127.03125 127.03125 127.09375,10.921875,0,0,0
1280,"Tailwind, no layer",none,gutters,150.59375 143.078125 143.921875 139.90625 139.90625 102.5625,35.28125,0,0,0
1280,"Tailwind, no layer",none,float,136.65625 136.65625 136.65625 136.65625 136.65625 136.6875,,0,0,0
1280,"Tailwind, no layer",none,flex,143.921875 95.8125 101.203125 69.859375 66.703125 95.625,14.171875,0,0,0
1280,Tailwind + layer,none,grid,130.078125 130.078125 130.078125 130.078125 130.078125 130.140625,9.796875,0,0,0
1280,Tailwind + layer,none,gutters,152.96875 146.96875 147.3125 144.859375 144.859375 103.21875,35.609375,0,0,0
1280,Tailwind + layer,none,float,138.984375 138.984375 138.984375 138.984375 138.984375 139.0625,,0,0,0
1280,Tailwind + layer,none,flex,134.328125 90.40625 92.9375 64.53125 61.984375 87.921875,13,0,0,0
1280,Bootstrap,col-auto,grid,127.03125 127.03125 127.03125 127.03125 127.03125 127.09375,10.921875,0,0,0
1280,Bootstrap,col-auto,gutters,150.59375 143.078125 143.921875 139.90625 139.90625 102.5625,35.28125,0,0,0
1280,Bootstrap,col-auto,float,136.65625 136.65625 136.65625 136.65625 136.65625 136.6875,,0,0,0
1280,Bootstrap,col-auto,flex,143.921875 95.8125 101.203125 69.859375 66.703125 95.625,14.171875,0,0,0
1280,"Tailwind, no layer",col-auto,grid,127.03125 127.03125 127.03125 127.03125 127.03125 127.09375,10.921875,0,0,0
1280,"Tailwind, no layer",col-auto,gutters,150.59375 143.078125 143.921875 139.90625 139.90625 102.5625,35.28125,0,0,0
1280,"Tailwind, no layer",col-auto,float,136.65625 136.65625 136.65625 136.65625 136.65625 136.6875,,0,0,0
1280,"Tailwind, no layer",col-auto,flex,143.921875 95.8125 101.203125 69.859375 66.703125 95.625,14.171875,0,0,0
1280,Tailwind + layer,col-auto,grid,130.078125 130.078125 130.078125 130.078125 130.078125 130.140625,9.796875,0,0,0
1280,Tailwind + layer,col-auto,gutters,152.96875 146.96875 147.3125 144.859375 144.859375 103.21875,35.609375,0,0,0
1280,Tailwind + layer,col-auto,float,138.984375 138.984375 138.984375 138.984375 138.984375 139.0625,,0,0,0
1280,Tailwind + layer,col-auto,flex,134.328125 90.40625 92.9375 64.53125 61.984375 87.921875,13,0,0,0
1280,Bootstrap,d-inline-block,grid,171.75 114.34375 120.765625 83.375 79.609375 114.140625,2,100,0,0
1280,Bootstrap,d-inline-block,gutters,150.59375 143.078125 143.921875 139.90625 139.90625 102.5625,35.28125,0,0,0
1280,Bootstrap,d-inline-block,float,136.65625 136.65625 136.65625 136.65625 136.65625 136.6875,,0,0,0
1280,Bootstrap,d-inline-block,flex,143.921875 95.8125 101.203125 69.859375 66.703125 95.625,14.171875,0,0,0
1280,"Tailwind, no layer",d-inline-block,grid,171.75 114.34375 120.765625 83.375 79.609375 114.140625,2,100,0,0
1280,"Tailwind, no layer",d-inline-block,gutters,150.59375 143.078125 143.921875 139.90625 139.90625 102.5625,35.28125,0,0,0
1280,"Tailwind, no layer",d-inline-block,float,136.65625 136.65625 136.65625 136.65625 136.65625 136.6875,,0,0,0
1280,"Tailwind, no layer",d-inline-block,flex,143.921875 95.8125 101.203125 69.859375 66.703125 95.625,14.171875,0,0,0
1280,Tailwind + layer,d-inline-block,grid,176.65625 118.875 122.21875 84.859375 81.515625 115.609375,2,100,0,0
1280,Tailwind + layer,d-inline-block,gutters,152.96875 146.96875 147.3125 144.859375 144.859375 103.21875,35.59375,0,0,0
1280,Tailwind + layer,d-inline-block,float,138.984375 138.984375 138.984375 138.984375 138.984375 139.0625,,0,0,0
1280,Tailwind + layer,d-inline-block,flex,134.328125 90.40625 92.9375 64.53125 61.984375 87.921875,13,0,0,0
1280,Bootstrap,d-table,grid,171.75 114.34375 120.765625 83.375 79.609375 114.140625,2,100,0,0
1280,Bootstrap,d-table,gutters,150.59375 143.078125 143.921875 139.90625 139.90625 102.5625,35.28125,0,0,0
1280,Bootstrap,d-table,float,136.65625 136.65625 136.65625 136.65625 136.65625 136.6875,,0,0,0
1280,Bootstrap,d-table,flex,143.921875 95.8125 101.203125 69.859375 66.703125 95.625,14.171875,0,0,0
1280,"Tailwind, no layer",d-table,grid,171.75 114.34375 120.765625 83.375 79.609375 114.140625,2,100,0,0
1280,"Tailwind, no layer",d-table,gutters,150.59375 143.078125 143.921875 139.90625 139.90625 102.5625,35.28125,0,0,0
1280,"Tailwind, no layer",d-table,float,136.65625 136.65625 136.65625 136.65625 136.65625 136.6875,,0,0,0
1280,"Tailwind, no layer",d-table,flex,143.921875 95.8125 101.203125 69.859375 66.703125 95.625,14.171875,0,0,0
1280,Tailwind + layer,d-table,grid,176.65625 118.875 122.21875 84.859375 81.515625 115.609375,2,100,0,0
1280,Tailwind + layer,d-table,gutters,152.96875 146.96875 147.3125 144.859375 144.859375 103.21875,35.59375,0,0,0
1280,Tailwind + layer,d-table,float,138.984375 138.984375 138.984375 138.984375 138.984375 139.0625,,0,0,0
1280,Tailwind + layer,d-table,flex,134.328125 90.40625 92.9375 64.53125 61.984375 87.921875,13,0,0,0
1280,Bootstrap,text-nowrap,grid,127.03125 127.03125 127.03125 127.03125 127.03125 127.09375,10.921875,0,0,0
1280,Bootstrap,text-nowrap,gutters,150.59375 143.078125 143.921875 139.90625 139.90625 102.5625,35.28125,0,0,0
1280,Bootstrap,text-nowrap,float,263.734375 263.734375 263.734375 263.734375 263.734375 263.734375,,0,0,0
1280,Bootstrap,text-nowrap,flex,143.921875 95.8125 101.203125 69.859375 66.703125 95.625,14.171875,0,0,0
1280,"Tailwind, no layer",text-nowrap,grid,127.03125 127.03125 127.03125 127.03125 127.03125 127.09375,10.921875,0,0,0
1280,"Tailwind, no layer",text-nowrap,gutters,150.59375 143.078125 143.921875 139.90625 139.90625 102.5625,35.28125,0,0,0
1280,"Tailwind, no layer",text-nowrap,float,263.734375 263.734375 263.734375 263.734375 263.734375 263.734375,,0,0,0
1280,"Tailwind, no layer",text-nowrap,flex,143.921875 95.8125 101.203125 69.859375 66.703125 95.625,14.171875,0,0,0
1280,Tailwind + layer,text-nowrap,grid,130.078125 130.078125 130.078125 130.078125 130.078125 130.140625,9.796875,0,0,0
1280,Tailwind + layer,text-nowrap,gutters,152.96875 146.96875 147.3125 144.859375 144.859375 103.21875,35.609375,0,0,0
1280,Tailwind + layer,text-nowrap,float,138.984375 138.984375 138.984375 138.984375 138.984375 139.0625,,0,0,0
1280,Tailwind + layer,text-nowrap,flex,134.328125 90.40625 92.9375 64.53125 61.984375 87.921875,13,0,0,0
1280,Bootstrap,min-vw-100,grid,1284 1284 1284 1284 1284 1284,10.921875,0,0,0
1280,Bootstrap,min-vw-100,gutters,1288 1288 1288 1288 1288 1288,616,0,0,0
1280,Bootstrap,min-vw-100,float,1288 1288 1288 1288 1288 1288,,0,0,0
1280,Bootstrap,min-vw-100,flex,1288 1288 1288 1288 1288 1288,319.5,0,0,0
1280,"Tailwind, no layer",min-vw-100,grid,1284 1284 1284 1284 1284 1284,10.921875,0,0,0
1280,"Tailwind, no layer",min-vw-100,gutters,1288 1288 1288 1288 1288 1288,616,0,0,0
1280,"Tailwind, no layer",min-vw-100,float,1288 1288 1288 1288 1288 1288,,0,0,0
1280,"Tailwind, no layer",min-vw-100,flex,1288 1288 1288 1288 1288 1288,319.5,0,0,0
1280,Tailwind + layer,min-vw-100,grid,1284 1284 1284 1284 1284 1284,9.796875,0,0,0
1280,Tailwind + layer,min-vw-100,gutters,1288 1288 1288 1288 1288 1288,616,0,0,0
1280,Tailwind + layer,min-vw-100,float,1288 1288 1288 1288 1288 1288,,0,0,0
1280,Tailwind + layer,min-vw-100,flex,1288 1288 1288 1288 1288 1288,319.5,0,0,0
1280,Bootstrap,dropdown-menu d-block position-static,grid,168 168 168 168 168 168,22.328125,0,0,0
1280,Bootstrap,dropdown-menu d-block position-static,gutters,168 168 168 168 168 168,55,0,0,0
1280,Bootstrap,dropdown-menu d-block position-static,float,168 168 168 168 168 168,,0,0,0
1280,Bootstrap,dropdown-menu d-block position-static,flex,168 168 168 168 168 168,227,0,100,0
1280,"Tailwind, no layer",dropdown-menu d-block position-static,grid,168 168 168 168 168 168,22.328125,0,0,0
1280,"Tailwind, no layer",dropdown-menu d-block position-static,gutters,168 168 168 168 168 168,55,0,0,0
1280,"Tailwind, no layer",dropdown-menu d-block position-static,float,168 168 168 168 168 168,,0,0,0
1280,"Tailwind, no layer",dropdown-menu d-block position-static,flex,168 168 168 168 168 168,227,0,100,0
1280,Tailwind + layer,dropdown-menu d-block position-static,grid,168 168 168 168 168 168,22.328125,0,0,0
1280,Tailwind + layer,dropdown-menu d-block position-static,gutters,168 168 168 168 168 168,55,0,0,0
1280,Tailwind + layer,dropdown-menu d-block position-static,float,168 168 168 168 168 168,,0,0,0
1280,Tailwind + layer,dropdown-menu d-block position-static,flex,168 168 168 168 168 168,230,0,101,0
1280,Bootstrap,row gx-5,grid,142.96875 136.6875 137.390625 133.3125 132.890625 136.71875,2,68,0,0
1280,Bootstrap,row gx-5,gutters,152.84375 145.546875 146.359375 142.453125 142.453125 90.3125,19.21875,0,0,0
1280,Bootstrap,row gx-5,float,144.171875 136.703125 137.53125 132.671875 132.171875 136.71875,,0,0,0
1280,Bootstrap,row gx-5,flex,143.921875 95.8125 101.203125 69.859375 66.703125 95.625,4.34375,48,0,0
1280,"Tailwind, no layer",row gx-5,grid,142.96875 136.6875 137.390625 133.3125 132.890625 136.71875,2,68,0,0
1280,"Tailwind, no layer",row gx-5,gutters,152.84375 145.546875 146.359375 142.453125 142.453125 90.3125,19.21875,0,0,0
1280,"Tailwind, no layer",row gx-5,float,144.171875 136.703125 137.53125 132.671875 132.171875 136.71875,,0,0,0
1280,"Tailwind, no layer",row gx-5,flex,143.921875 95.8125 101.203125 69.859375 66.703125 95.625,4.34375,48,0,0
1280,Tailwind + layer,row gx-5,grid,145.03125 140.21875 140.484375 137.375 137.09375 139.984375,2,60,0,0
1280,Tailwind + layer,row gx-5,gutters,155.40625 149.609375 149.9375 147.5625 147.5625 90.109375,21.78125,0,0,0
1280,Tailwind + layer,row gx-5,float,143.9375 139.171875 139.453125 136.375 136.09375 138.953125,,0,0,0
1280,Tailwind + layer,row gx-5,flex,134.328125 90.40625 92.9375 64.53125 61.984375 87.921875,2,72,0,0
