app/browser/App.vue	13c8d59f81bf371d91d047cb922bea698be2325e3adfe353e4311fbabed38a67	False
tests/setupBrowser.ts	78c6f14e5820e515c192186e2f169c429a2e0e2391ae8245fe0335298cc6f47f	True
tests/setupBrowser.test.ts	66022d1a83e6e98305685bd190dcba166ce3e0f00bab414dd45f63a9849c6d53	True
tests/app/browser/integration.test.ts	dcf9610de89ec4e6c44838b8e5cb5e49829eeec0a2c8518dfb2a501117b99614	True
tests/app/browser/styles/theme.test.ts	dbf0d6b141212de7007bc5196dac8e5d332898d13cdc6458543903d6ac6b3ff8	False
vite.config.ts	a5ae2cd63f6e940d1aadc98df81d0c2516d358319f0b390a5d391c1494a6255a	False
package.json	8d1c6a11c860dbf381428a4cda4da86af7c425439066f29b2a2988a766bf6163	False
package-lock.json	07449c8edc80d8683c4d204fb205f0c5f5553575095aad2220d383928260c8c8	False
configs/app/vite.browser.config.ts	6fa39d803c61905febc5a4ca91e53b5be7a8ed8b16423d14cc9ab4e83e731d57	False
configs/app/vite.journey.config.ts	b65c938a16a410f069166dcd0ff6f9e234354b533d7ca4c4a0bbee89871f6ec9	False
guides/README.md	67ec971570e8e43e1157c338cb629cd7d71a046f65b20c344ab56a63f6e8ae75	True
tmp/units/r-b-report.md	44be321b90acf3f2d75f5c634fbd0329352cf1b3204422426855a335252b5f00	False
tmp/units/r-b-report-9.md	3045e12268d337ba64e17de2bd33b16f998313d59263ea64fd21bced791a03d4	False
tmp/units/r-b-report-10.md	719b489ed07abd0fb74e61d7a81ae0c3c9b41246ecd5f830d5d571d2ea367155	False
tmp/units/r-b-report-11.md	9d91008806a5b8e5ee02cb2ba5ddb708ff9f1be5ccebc2bdcc953e2420210d7f	NEW
